{"UUID":"XCQGQ98EI3mQBDptFAqh7g","layoutMainAxisSizing":null,"layoutCrossAxisSizing":null,"name":"Untitled","isVisible":true,"boundaryRectangle":null,"style":null,"prototypeNodeUUID":null,"child":null,"constraints":null,"debug":false,"pngPath":"/usr/src/app/temp-out/pb-tmp-1e5afb11-adbd-4b33-a1cd-a1cb11f4dac0/test1/lib/assets/images","pages":[{"UUID":"0:1","layoutMainAxisSizing":null,"layoutCrossAxisSizing":null,"name":"Page 1","isVisible":true,"boundaryRectangle":null,"style":null,"prototypeNodeUUID":null,"child":null,"constraints":null,"convert":true,"screens":[{"UUID":"2:62","layoutMainAxisSizing":null,"layoutCrossAxisSizing":null,"name":"Swiping","boundaryRectangle":null,"style":null,"prototypeNodeUUID":null,"child":null,"constraints":null,"convert":true,"imageURI":"https://pbnestcore.blob.core.windows.net/xcqgq98ei3mqbdptfaqh7g/2:62.png","pbdlType":"screen","designNode":{"UUID":"2:62","layoutMainAxisSizing":"INHERIT","layoutCrossAxisSizing":"INHERIT","name":"Swiping","isVisible":true,"style":{"UUID":"","layoutMainAxisSizing":null,"layoutCrossAxisSizing":null,"name":"","isVisible":true,"boundaryRectangle":null,"style":null,"prototypeNodeUUID":"","child":null,"constraints":null,"fills":[{"gradientStops":null,"gradientHandlePositions":[],"imageRef":null,"color":{"a":1.0,"r":1.0,"g":1.0,"b":1.0},"opacity":100,"blendMode":"NORMAL","type":"SOLID","isEnabled":true}],"borderOptions":{"borders":[],"strokeWeight":0.0,"strokeAlign":"CENTER","strokeJoin":null,"strokeDashes":null,"cornerRadius":null},"effects":[],"textStyle":null,"clipsContent":true,"pbdlType":"style"},"prototypeNodeUUID":null,"child":null,"constraints":null,"backgroundColor":{"a":1.0,"r":1.0,"g":1.0,"b":1.0},"boundaryRectangle":{"constrainProportions":false,"constraints":null,"height":844.0,"width":390.0,"x":-195.0,"y":-422.0,"z":0.0,"type":"boundaryBox"},"isFlowHome":false,"pbdlType":"artboard","children":[{"UUID":"2:67","layoutMainAxisSizing":"INHERIT","layoutCrossAxisSizing":"INHERIT","name":"iPhone 13 / 13 Pro - 2","isVisible":true,"boundaryRectangle":{"constrainProportions":false,"constraints":null,"height":486.0,"width":354.0,"x":-177.0,"y":-304.0,"z":0.0,"type":"boundaryBox"},"child":null,"constraints":{"pinLeft":true,"pinRight":false,"pinTop":true,"pinBottom":false,"fixedHeight":true,"fixedWidth":true},"style":{"UUID":"","layoutMainAxisSizing":null,"layoutCrossAxisSizing":null,"name":"","isVisible":true,"boundaryRectangle":null,"style":null,"prototypeNodeUUID":"","child":null,"constraints":null,"fills":[{"gradientStops":null,"gradientHandlePositions":[],"imageRef":"fcfd93cdfa072a53c348f32dcee17df739b5446e","color":null,"opacity":100,"blendMode":"NORMAL","type":"IMAGE","isEnabled":true}],"borderOptions":{"borders":[],"strokeWeight":1.0,"strokeAlign":"INSIDE","strokeJoin":null,"strokeDashes":null,"cornerRadius":8.0},"effects":[],"textStyle":null,"clipsContent":false,"pbdlType":"style"},"imageReference":"images/iphone1313pro2.svg","prototypeNodeUUID":null,"pbdlType":"image"},{"UUID":"2:68","layoutMainAxisSizing":"INHERIT","layoutCrossAxisSizing":"INHERIT","name":"bottom container","isVisible":true,"boundaryRectangle":{"constrainProportions":false,"constraints":null,"height":83.0,"width":354.0,"x":-177.0,"y":182.0,"z":1.0,"type":"boundaryBox"},"style":{"UUID":"","layoutMainAxisSizing":null,"layoutCrossAxisSizing":null,"name":"","isVisible":true,"boundaryRectangle":null,"style":null,"prototypeNodeUUID":"","child":null,"constraints":null,"fills":[{"gradientStops":null,"gradientHandlePositions":[],"imageRef":null,"color":{"a":1.0,"r":0.0,"g":0.0,"b":0.0},"opacity":100,"blendMode":"NORMAL","type":"SOLID","isEnabled":true}],"borderOptions":{"borders":[],"strokeWeight":1.0,"strokeAlign":"INSIDE","strokeJoin":null,"strokeDashes":null,"cornerRadius":null},"effects":[],"textStyle":null,"clipsContent":null,"pbdlType":"style"},"prototypeNodeUUID":null,"constraints":{"pinLeft":true,"pinRight":false,"pinTop":true,"pinBottom":false,"fixedHeight":true,"fixedWidth":true},"fixedRadius":0,"pbdlType":"rectangle","child":null},{"UUID":"2:69","layoutMainAxisSizing":"INHERIT","layoutCrossAxisSizing":"INHERIT","name":"Atlanta Bike Tour 10 miles","isVisible":true,"boundaryRectangle":{"constrainProportions":false,"constraints":null,"height":111.0,"width":263.0,"x":-116.0,"y":188.0,"z":2.0,"type":"boundaryBox"},"style":{"UUID":"","layoutMainAxisSizing":null,"layoutCrossAxisSizing":null,"name":"","isVisible":true,"boundaryRectangle":null,"style":null,"prototypeNodeUUID":"","child":null,"constraints":null,"fills":[{"gradientStops":null,"gradientHandlePositions":[],"imageRef":null,"color":{"a":1.0,"r":1.0,"g":1.0,"b":1.0},"opacity":100,"blendMode":"NORMAL","type":"SOLID","isEnabled":true}],"borderOptions":{"borders":[],"strokeWeight":1.0,"strokeAlign":"OUTSIDE","strokeJoin":null,"strokeDashes":null,"cornerRadius":null},"effects":[],"textStyle":{"UUID":"","layoutMainAxisSizing":null,"layoutCrossAxisSizing":null,"name":"","isVisible":false,"boundaryRectangle":null,"style":null,"prototypeNodeUUID":"","child":null,"constraints":null,"fontFamily":"Noteworthy","fontPostScriptName":"Noteworthy-Light","paragraphSpacing":0,"paragraphIndent":0,"listSpacing":0,"italics":null,"fontWeight":300,"fontSize":20.0,"textCase":"ORIGINAL","textDecoration":"NONE","textAutoResize":"HEIGHT","textAlignHorizontal":"LEFT","textAlignVertical":"TOP","letterSpacing":0.0,"fills":null,"hyperLink":null,"opentypeFlags":{},"lineHeightPx":30.0,"lineHeightPercent":128.0,"lineHeightPercentFontSize":150.0,"lineHeightUnit":"FONT_SIZE_%","pbdlType":"text_style"},"clipsContent":null,"pbdlType":"style"},"prototypeNodeUUID":null,"child":null,"constraints":{"pinLeft":true,"pinRight":false,"pinTop":true,"pinBottom":false,"fixedHeight":true,"fixedWidth":true},"pbdlType":"text","content":"Atlanta Bike Tour\n    10 miles\n\n"},{"UUID":"2:70","layoutMainAxisSizing":"INHERIT","layoutCrossAxisSizing":"INHERIT","name":"map-pin (1) 1","isVisible":true,"boundaryRectangle":{"constrainProportions":false,"constraints":null,"height":24.0,"width":24.0,"x":-121.0,"y":234.0,"z":3.0,"type":"boundaryBox"},"style":{"UUID":"","layoutMainAxisSizing":null,"layoutCrossAxisSizing":null,"name":"","isVisible":true,"boundaryRectangle":null,"style":null,"prototypeNodeUUID":"","child":null,"constraints":null,"fills":[{"gradientStops":null,"gradientHandlePositions":[],"imageRef":null,"color":{"a":1.0,"r":1.0,"g":1.0,"b":1.0},"opacity":100,"blendMode":"NORMAL","type":"SOLID","isEnabled":false}],"borderOptions":{"borders":[],"strokeWeight":1.0,"strokeAlign":"INSIDE","strokeJoin":null,"strokeDashes":null,"cornerRadius":null},"effects":[],"textStyle":null,"clipsContent":true,"pbdlType":"style"},"prototypeNodeUUID":null,"constraints":{"pinLeft":true,"pinRight":false,"pinTop":true,"pinBottom":false,"fixedHeight":true,"fixedWidth":true},"children":[{"UUID":"2:71","layoutMainAxisSizing":"INHERIT","layoutCrossAxisSizing":"INHERIT","name":"Frame 11","isVisible":true,"boundaryRectangle":{"constrainProportions":false,"constraints":null,"height":22.0,"width":18.0,"x":-118.0,"y":235.0,"z":0.0,"type":"boundaryBox"},"child":null,"constraints":{"pinLeft":true,"pinRight":false,"pinTop":true,"pinBottom":false,"fixedHeight":true,"fixedWidth":true},"style":{"UUID":"","layoutMainAxisSizing":null,"layoutCrossAxisSizing":null,"name":"","isVisible":true,"boundaryRectangle":null,"style":null,"prototypeNodeUUID":"","child":null,"constraints":null,"fills":[{"gradientStops":null,"gradientHandlePositions":[],"imageRef":null,"color":{"a":1.0,"r":1.0,"g":1.0,"b":1.0},"opacity":100,"blendMode":"NORMAL","type":"SOLID","isEnabled":false}],"borderOptions":{"borders":[],"strokeWeight":1.0,"strokeAlign":"INSIDE","strokeJoin":null,"strokeDashes":null,"cornerRadius":null},"effects":[],"textStyle":null,"clipsContent":false,"pbdlType":"style"},"imageReference":"images/frame11.svg","prototypeNodeUUID":null,"pbdlType":"image"}],"pbdlType":"frame","fixedRadius":null,"background":null,"autoLayoutOptions":null},{"UUID":"2:74","layoutMainAxisSizing":"INHERIT","layoutCrossAxisSizing":"INHERIT","name":"buttons","isVisible":true,"boundaryRectangle":{"constrainProportions":false,"constraints":null,"height":99.0,"width":295.0,"x":-152.0,"y":299.0,"z":4.0,"type":"boundaryBox"},"style":{"UUID":"","layoutMainAxisSizing":null,"layoutCrossAxisSizing":null,"name":"","isVisible":true,"boundaryRectangle":null,"style":null,"prototypeNodeUUID":"","child":null,"constraints":null,"fills":[],"borderOptions":{"borders":[],"strokeWeight":1.0,"strokeAlign":"INSIDE","strokeJoin":null,"strokeDashes":null,"cornerRadius":null},"effects":[],"textStyle":null,"clipsContent":false,"pbdlType":"style"},"prototypeNodeUUID":null,"constraints":{"pinLeft":true,"pinRight":false,"pinTop":true,"pinBottom":false,"fixedHeight":true,"fixedWidth":true},"children":[{"UUID":"2:75","layoutMainAxisSizing":"INHERIT","layoutCrossAxisSizing":"INHERIT","name":"like","isVisible":true,"boundaryRectangle":{"constrainProportions":false,"constraints":null,"height":99.0,"width":99.0,"x":-54.0,"y":299.0,"z":0.0,"type":"boundaryBox"},"style":{"UUID":"","layoutMainAxisSizing":null,"layoutCrossAxisSizing":null,"name":"","isVisible":true,"boundaryRectangle":null,"style":null,"prototypeNodeUUID":"","child":null,"constraints":null,"fills":[],"borderOptions":{"borders":[],"strokeWeight":1.0,"strokeAlign":"INSIDE","strokeJoin":null,"strokeDashes":null,"cornerRadius":null},"effects":[{"type":"DROP_SHADOW","visible":true,"radius":4.0,"color":{"a":0.25,"r":0.0,"g":0.0,"b":0.0},"blendMode":"NORMAL","offset":{"x":0.0,"y":4.0},"showShadowBehindNode":false,"pbdlType":"effect"}],"textStyle":null,"clipsContent":false,"pbdlType":"style"},"prototypeNodeUUID":null,"constraints":{"pinLeft":true,"pinRight":false,"pinTop":true,"pinBottom":false,"fixedHeight":true,"fixedWidth":true},"children":[{"UUID":"2:76","layoutMainAxisSizing":"INHERIT","layoutCrossAxisSizing":"INHERIT","name":"container","isVisible":true,"boundaryRectangle":{"constrainProportions":false,"constraints":null,"height":99.0,"width":99.0,"x":-54.0,"y":299.0,"z":0.0,"type":"boundaryBox"},"child":null,"constraints":{"pinLeft":true,"pinRight":false,"pinTop":true,"pinBottom":false,"fixedHeight":true,"fixedWidth":true},"style":{"UUID":"","layoutMainAxisSizing":null,"layoutCrossAxisSizing":null,"name":"","isVisible":true,"boundaryRectangle":null,"style":null,"prototypeNodeUUID":"","child":null,"constraints":null,"fills":[{"gradientStops":null,"gradientHandlePositions":[],"imageRef":null,"color":{"a":1.0,"r":0.0,"g":0.0,"b":0.0},"opacity":100,"blendMode":"NORMAL","type":"SOLID","isEnabled":true}],"borderOptions":{"borders":[],"strokeWeight":1.0,"strokeAlign":"INSIDE","strokeJoin":null,"strokeDashes":null,"cornerRadius":null},"effects":[{"type":"DROP_SHADOW","visible":true,"radius":15.0,"color":{"a":0.20000000298023224,"r":0.9137254953384399,"g":0.250980406999588,"b":0.34117648005485535},"blendMode":"NORMAL","offset":{"x":0.0,"y":15.0},"showShadowBehindNode":true,"pbdlType":"effect"}],"textStyle":null,"clipsContent":null,"pbdlType":"style"},"imageReference":"images/container.png","prototypeNodeUUID":null,"pbdlType":"image"},{"UUID":"2:2","layoutMainAxisSizing":"INHERIT","layoutCrossAxisSizing":"INHERIT","name":"like","isVisible":true,"boundaryRectangle":{"constrainProportions":false,"constraints":null,"height":51.0,"width":51.0,"x":-30.0,"y":323.0,"z":1.0,"type":"boundaryBox"},"style":{"UUID":"","layoutMainAxisSizing":null,"layoutCrossAxisSizing":null,"name":"","isVisible":true,"boundaryRectangle":null,"style":null,"prototypeNodeUUID":"","child":null,"constraints":null,"fills":[],"borderOptions":{"borders":[],"strokeWeight":1.0,"strokeAlign":"INSIDE","strokeJoin":null,"strokeDashes":null,"cornerRadius":null},"effects":[],"textStyle":null,"clipsContent":false,"pbdlType":"style"},"prototypeNodeUUID":null,"child":null,"constraints":{"pinLeft":true,"pinRight":false,"pinTop":true,"pinBottom":false,"fixedHeight":true,"fixedWidth":true},"symbolID":"2:2","overrideProperties":null,"children":[{"UUID":"I2:77;154:100","layoutMainAxisSizing":"INHERIT","layoutCrossAxisSizing":"INHERIT","name":"Vector","isVisible":true,"boundaryRectangle":{"constrainProportions":false,"constraints":null,"height":36.471588134765625,"width":42.5,"x":-25.75,"y":331.5,"z":0.0,"type":"boundaryBox"},"child":null,"constraints":{"pinLeft":false,"pinRight":false,"pinTop":false,"pinBottom":false,"fixedHeight":false,"fixedWidth":false},"style":{"UUID":"","layoutMainAxisSizing":null,"layoutCrossAxisSizing":null,"name":"","isVisible":true,"boundaryRectangle":null,"style":null,"prototypeNodeUUID":"","child":null,"constraints":null,"fills":[{"gradientStops":null,"gradientHandlePositions":[],"imageRef":null,"color":{"a":1.0,"r":1.0,"g":1.0,"b":1.0},"opacity":100,"blendMode":"NORMAL","type":"SOLID","isEnabled":true}],"borderOptions":{"borders":[{"blendMode":"NORMAL","type":"SOLID","color":{"a":1.0,"r":1.0,"g":1.0,"b":1.0},"visible":true}],"strokeWeight":2.0,"strokeAlign":"CENTER","strokeJoin":"ROUND","strokeDashes":null,"cornerRadius":null},"effects":[],"textStyle":null,"clipsContent":null,"pbdlType":"style"},"imageReference":"images/vector.svg","prototypeNodeUUID":null,"pbdlType":"image"}],"pbdlType":"shared_master","componentSetName":null,"sharedNodeSetID":"2:2"}],"pbdlType":"group"},{"UUID":"2:78","layoutMainAxisSizing":"INHERIT","layoutCrossAxisSizing":"INHERIT","name":"star","isVisible":true,"boundaryRectangle":{"constrainProportions":false,"constraints":null,"height":78.0,"width":78.0,"x":65.0,"y":310.0,"z":1.0,"type":"boundaryBox"},"style":{"UUID":"","layoutMainAxisSizing":null,"layoutCrossAxisSizing":null,"name":"","isVisible":true,"boundaryRectangle":null,"style":null,"prototypeNodeUUID":"","child":null,"constraints":null,"fills":[],"borderOptions":{"borders":[],"strokeWeight":1.0,"strokeAlign":"INSIDE","strokeJoin":null,"strokeDashes":null,"cornerRadius":null},"effects":[],"textStyle":null,"clipsContent":false,"pbdlType":"style"},"prototypeNodeUUID":null,"constraints":{"pinLeft":true,"pinRight":false,"pinTop":true,"pinBottom":false,"fixedHeight":true,"fixedWidth":true},"children":[{"UUID":"2:79","layoutMainAxisSizing":"INHERIT","layoutCrossAxisSizing":"INHERIT","name":"container","isVisible":true,"boundaryRectangle":{"constrainProportions":false,"constraints":null,"height":78.0,"width":78.0,"x":65.0,"y":310.0,"z":0.0,"type":"boundaryBox"},"child":null,"constraints":{"pinLeft":true,"pinRight":false,"pinTop":true,"pinBottom":false,"fixedHeight":true,"fixedWidth":true},"style":{"UUID":"","layoutMainAxisSizing":null,"layoutCrossAxisSizing":null,"name":"","isVisible":true,"boundaryRectangle":null,"style":null,"prototypeNodeUUID":"","child":null,"constraints":null,"fills":[{"gradientStops":null,"gradientHandlePositions":[],"imageRef":null,"color":{"a":1.0,"r":1.0,"g":1.0,"b":1.0},"opacity":100,"blendMode":"NORMAL","type":"SOLID","isEnabled":true}],"borderOptions":{"borders":[],"strokeWeight":1.0,"strokeAlign":"INSIDE","strokeJoin":null,"strokeDashes":null,"cornerRadius":null},"effects":[{"type":"DROP_SHADOW","visible":true,"radius":50.0,"color":{"a":0.07000000029802322,"r":0.0,"g":0.0,"b":0.0},"blendMode":"NORMAL","offset":{"x":0.0,"y":20.0},"showShadowBehindNode":true,"pbdlType":"effect"}],"textStyle":null,"clipsContent":null,"pbdlType":"style"},"imageReference":"images/container.png","prototypeNodeUUID":null,"pbdlType":"image"},{"UUID":"2:5","layoutMainAxisSizing":"INHERIT","layoutCrossAxisSizing":"INHERIT","name":"star","isVisible":true,"boundaryRectangle":{"constrainProportions":false,"constraints":null,"height":30.0,"width":30.0,"x":89.0,"y":334.0,"z":1.0,"type":"boundaryBox"},"style":{"UUID":"","layoutMainAxisSizing":null,"layoutCrossAxisSizing":null,"name":"","isVisible":true,"boundaryRectangle":null,"style":null,"prototypeNodeUUID":"","child":null,"constraints":null,"fills":[{"gradientStops":null,"gradientHandlePositions":[],"imageRef":null,"color":{"a":1.0,"r":1.0,"g":1.0,"b":1.0},"opacity":100,"blendMode":"NORMAL","type":"SOLID","isEnabled":true}],"borderOptions":{"borders":[],"strokeWeight":1.0,"strokeAlign":"INSIDE","strokeJoin":null,"strokeDashes":null,"cornerRadius":null},"effects":[],"textStyle":null,"clipsContent":false,"pbdlType":"style"},"prototypeNodeUUID":null,"child":null,"constraints":{"pinLeft":true,"pinRight":false,"pinTop":true,"pinBottom":false,"fixedHeight":true,"fixedWidth":true},"symbolID":"2:5","overrideProperties":null,"children":[{"UUID":"I2:80;154:102","layoutMainAxisSizing":"INHERIT","layoutCrossAxisSizing":"INHERIT","name":"Vector","isVisible":true,"boundaryRectangle":{"constrainProportions":false,"constraints":null,"height":23.75,"width":25.0,"x":91.5,"y":337.125,"z":0.0,"type":"boundaryBox"},"child":null,"constraints":{"pinLeft":false,"pinRight":false,"pinTop":false,"pinBottom":false,"fixedHeight":false,"fixedWidth":false},"style":{"UUID":"","layoutMainAxisSizing":null,"layoutCrossAxisSizing":null,"name":"","isVisible":true,"boundaryRectangle":null,"style":null,"prototypeNodeUUID":"","child":null,"constraints":null,"fills":[{"gradientStops":null,"gradientHandlePositions":[],"imageRef":null,"color":{"a":1.0,"r":0.5411764979362488,"g":0.13725490868091583,"b":0.529411792755127},"opacity":100,"blendMode":"NORMAL","type":"SOLID","isEnabled":true}],"borderOptions":{"borders":[{"blendMode":"NORMAL","type":"SOLID","color":{"a":1.0,"r":0.0,"g":0.0,"b":0.0},"visible":true}],"strokeWeight":2.0,"strokeAlign":"CENTER","strokeJoin":"ROUND","strokeDashes":null,"cornerRadius":null},"effects":[],"textStyle":null,"clipsContent":null,"pbdlType":"style"},"imageReference":"images/vector.svg","prototypeNodeUUID":null,"pbdlType":"image"}],"pbdlType":"shared_master","componentSetName":null,"sharedNodeSetID":"2:5"}],"pbdlType":"group"},{"UUID":"2:81","layoutMainAxisSizing":"INHERIT","layoutCrossAxisSizing":"INHERIT","name":"dislike","isVisible":true,"boundaryRectangle":{"constrainProportions":false,"constraints":null,"height":78.0,"width":78.0,"x":-152.0,"y":310.0,"z":2.0,"type":"boundaryBox"},"style":{"UUID":"","layoutMainAxisSizing":null,"layoutCrossAxisSizing":null,"name":"","isVisible":true,"boundaryRectangle":null,"style":null,"prototypeNodeUUID":"","child":null,"constraints":null,"fills":[],"borderOptions":{"borders":[],"strokeWeight":1.0,"strokeAlign":"INSIDE","strokeJoin":null,"strokeDashes":null,"cornerRadius":null},"effects":[],"textStyle":null,"clipsContent":false,"pbdlType":"style"},"prototypeNodeUUID":null,"constraints":{"pinLeft":true,"pinRight":false,"pinTop":true,"pinBottom":false,"fixedHeight":true,"fixedWidth":true},"children":[{"UUID":"2:82","layoutMainAxisSizing":"INHERIT","layoutCrossAxisSizing":"INHERIT","name":"container","isVisible":true,"boundaryRectangle":{"constrainProportions":false,"constraints":null,"height":78.0,"width":78.0,"x":-152.0,"y":310.0,"z":0.0,"type":"boundaryBox"},"child":null,"constraints":{"pinLeft":true,"pinRight":false,"pinTop":true,"pinBottom":false,"fixedHeight":true,"fixedWidth":true},"style":{"UUID":"","layoutMainAxisSizing":null,"layoutCrossAxisSizing":null,"name":"","isVisible":true,"boundaryRectangle":null,"style":null,"prototypeNodeUUID":"","child":null,"constraints":null,"fills":[{"gradientStops":null,"gradientHandlePositions":[],"imageRef":null,"color":{"a":1.0,"r":1.0,"g":1.0,"b":1.0},"opacity":100,"blendMode":"NORMAL","type":"SOLID","isEnabled":true}],"borderOptions":{"borders":[],"strokeWeight":1.0,"strokeAlign":"INSIDE","strokeJoin":null,"strokeDashes":null,"cornerRadius":null},"effects":[{"type":"DROP_SHADOW","visible":true,"radius":50.0,"color":{"a":0.07000000029802322,"r":0.0,"g":0.0,"b":0.0},"blendMode":"NORMAL","offset":{"x":0.0,"y":20.0},"showShadowBehindNode":true,"pbdlType":"effect"}],"textStyle":null,"clipsContent":null,"pbdlType":"style"},"imageReference":"images/container.png","prototypeNodeUUID":null,"pbdlType":"image"},{"UUID":"2:7","layoutMainAxisSizing":"INHERIT","layoutCrossAxisSizing":"INHERIT","name":"close-small","isVisible":true,"boundaryRectangle":{"constrainProportions":false,"constraints":null,"height":30.0,"width":30.0,"x":-128.0,"y":334.0,"z":1.0,"type":"boundaryBox"},"style":{"UUID":"","layoutMainAxisSizing":null,"layoutCrossAxisSizing":null,"name":"","isVisible":true,"boundaryRectangle":null,"style":null,"prototypeNodeUUID":"","child":null,"constraints":null,"fills":[],"borderOptions":{"borders":[],"strokeWeight":1.0,"strokeAlign":"INSIDE","strokeJoin":null,"strokeDashes":null,"cornerRadius":null},"effects":[],"textStyle":null,"clipsContent":false,"pbdlType":"style"},"prototypeNodeUUID":null,"child":null,"constraints":{"pinLeft":true,"pinRight":false,"pinTop":true,"pinBottom":false,"fixedHeight":true,"fixedWidth":true},"symbolID":"2:7","overrideProperties":null,"children":[{"UUID":"I2:83;558:1239","layoutMainAxisSizing":"INHERIT","layoutCrossAxisSizing":"INHERIT","name":"Vector (Stroke)","isVisible":true,"boundaryRectangle":{"constrainProportions":false,"constraints":null,"height":15.0,"width":15.0,"x":-120.5,"y":341.5,"z":0.0,"type":"boundaryBox"},"child":null,"constraints":{"pinLeft":false,"pinRight":false,"pinTop":false,"pinBottom":false,"fixedHeight":false,"fixedWidth":false},"style":{"UUID":"","layoutMainAxisSizing":null,"layoutCrossAxisSizing":null,"name":"","isVisible":true,"boundaryRectangle":null,"style":null,"prototypeNodeUUID":"","child":null,"constraints":null,"fills":[{"gradientStops":null,"gradientHandlePositions":[],"imageRef":null,"color":{"a":1.0,"r":1.0,"g":0.3083333373069763,"b":0.3913332521915436},"opacity":100,"blendMode":"NORMAL","type":"SOLID","isEnabled":true}],"borderOptions":{"borders":[{"blendMode":"NORMAL","type":"SOLID","color":{"a":1.0,"r":0.9708333611488342,"g":0.34383684396743774,"b":0.34383684396743774},"visible":true}],"strokeWeight":2.0,"strokeAlign":"CENTER","strokeJoin":"ROUND","strokeDashes":null,"cornerRadius":null},"effects":[],"textStyle":null,"clipsContent":null,"pbdlType":"style"},"imageReference":"images/vectorstroke.svg","prototypeNodeUUID":null,"pbdlType":"image"}],"pbdlType":"shared_master","componentSetName":null,"sharedNodeSetID":"2:7"}],"pbdlType":"group"}],"pbdlType":"group"},{"UUID":"2:10","layoutMainAxisSizing":"INHERIT","layoutCrossAxisSizing":"INHERIT","name":"homeIcon","isVisible":true,"boundaryRectangle":{"constrainProportions":false,"constraints":null,"height":36.0,"width":36.0,"x":-178.0,"y":-379.0,"z":5.0,"type":"boundaryBox"},"style":{"UUID":"","layoutMainAxisSizing":null,"layoutCrossAxisSizing":null,"name":"","isVisible":true,"boundaryRectangle":null,"style":null,"prototypeNodeUUID":"","child":null,"constraints":null,"fills":[{"gradientStops":null,"gradientHandlePositions":[],"imageRef":null,"color":{"a":1.0,"r":1.0,"g":1.0,"b":1.0},"opacity":100,"blendMode":"NORMAL","type":"SOLID","isEnabled":false}],"borderOptions":{"borders":[],"strokeWeight":1.0,"strokeAlign":"INSIDE","strokeJoin":null,"strokeDashes":null,"cornerRadius":null},"effects":[],"textStyle":null,"clipsContent":false,"pbdlType":"style"},"prototypeNodeUUID":null,"child":null,"constraints":{"pinLeft":false,"pinRight":false,"pinTop":false,"pinBottom":false,"fixedHeight":false,"fixedWidth":false},"symbolID":"2:10","overrideProperties":null,"children":[{"UUID":"I2:84;495:2801","layoutMainAxisSizing":"INHERIT","layoutCrossAxisSizing":"INHERIT","name":"Vector","isVisible":true,"boundaryRectangle":{"constrainProportions":false,"constraints":null,"height":36.0,"width":36.0,"x":-178.0,"y":-379.0,"z":0.0,"type":"boundaryBox"},"child":null,"constraints":{"pinLeft":false,"pinRight":false,"pinTop":false,"pinBottom":false,"fixedHeight":false,"fixedWidth":false},"style":{"UUID":"","layoutMainAxisSizing":null,"layoutCrossAxisSizing":null,"name":"","isVisible":true,"boundaryRectangle":null,"style":null,"prototypeNodeUUID":"","child":null,"constraints":null,"fills":[],"borderOptions":{"borders":[],"strokeWeight":1.5,"strokeAlign":"INSIDE","strokeJoin":null,"strokeDashes":null,"cornerRadius":null},"effects":[],"textStyle":null,"clipsContent":null,"pbdlType":"style"},"imageReference":"images/vector.svg","prototypeNodeUUID":null,"pbdlType":"image"},{"UUID":"I2:84;495:2802","layoutMainAxisSizing":"INHERIT","layoutCrossAxisSizing":"INHERIT","name":"Vector","isVisible":true,"boundaryRectangle":{"constrainProportions":false,"constraints":null,"height":13.5,"width":27.0,"x":-173.5,"y":-374.5,"z":1.0,"type":"boundaryBox"},"child":null,"constraints":{"pinLeft":false,"pinRight":false,"pinTop":false,"pinBottom":false,"fixedHeight":false,"fixedWidth":false},"style":{"UUID":"","layoutMainAxisSizing":null,"layoutCrossAxisSizing":null,"name":"","isVisible":true,"boundaryRectangle":null,"style":null,"prototypeNodeUUID":"","child":null,"constraints":null,"fills":[],"borderOptions":{"borders":[{"blendMode":"NORMAL","type":"SOLID","color":{"a":1.0,"r":0.0,"g":0.0,"b":0.0},"visible":true}],"strokeWeight":1.5,"strokeAlign":"CENTER","strokeJoin":"ROUND","strokeDashes":null,"cornerRadius":null},"effects":[],"textStyle":null,"clipsContent":null,"pbdlType":"style"},"imageReference":"images/vector.svg","prototypeNodeUUID":null,"pbdlType":"image"},{"UUID":"I2:84;495:2803","layoutMainAxisSizing":"INHERIT","layoutCrossAxisSizing":"INHERIT","name":"Vector","isVisible":true,"boundaryRectangle":{"constrainProportions":false,"constraints":null,"height":13.5,"width":21.0,"x":-170.5,"y":-361.0,"z":2.0,"type":"boundaryBox"},"child":null,"constraints":{"pinLeft":false,"pinRight":false,"pinTop":false,"pinBottom":false,"fixedHeight":false,"fixedWidth":false},"style":{"UUID":"","layoutMainAxisSizing":null,"layoutCrossAxisSizing":null,"name":"","isVisible":true,"boundaryRectangle":null,"style":null,"prototypeNodeUUID":"","child":null,"constraints":null,"fills":[],"borderOptions":{"borders":[{"blendMode":"NORMAL","type":"SOLID","color":{"a":1.0,"r":0.0,"g":0.0,"b":0.0},"visible":true}],"strokeWeight":1.5,"strokeAlign":"CENTER","strokeJoin":"ROUND","strokeDashes":null,"cornerRadius":null},"effects":[],"textStyle":null,"clipsContent":null,"pbdlType":"style"},"imageReference":"images/vector.svg","prototypeNodeUUID":null,"pbdlType":"image"},{"UUID":"I2:84;495:2804","layoutMainAxisSizing":"INHERIT","layoutCrossAxisSizing":"INHERIT","name":"Vector","isVisible":true,"boundaryRectangle":{"constrainProportions":false,"constraints":null,"height":6.0,"width":6.0,"x":-163.0,"y":-361.0,"z":3.0,"type":"boundaryBox"},"child":null,"constraints":{"pinLeft":false,"pinRight":false,"pinTop":false,"pinBottom":false,"fixedHeight":false,"fixedWidth":false},"style":{"UUID":"","layoutMainAxisSizing":null,"layoutCrossAxisSizing":null,"name":"","isVisible":true,"boundaryRectangle":null,"style":null,"prototypeNodeUUID":"","child":null,"constraints":null,"fills":[],"borderOptions":{"borders":[{"blendMode":"NORMAL","type":"SOLID","color":{"a":1.0,"r":0.0,"g":0.0,"b":0.0},"visible":true}],"strokeWeight":1.5,"strokeAlign":"CENTER","strokeJoin":"ROUND","strokeDashes":null,"cornerRadius":null},"effects":[],"textStyle":null,"clipsContent":null,"pbdlType":"style"},"imageReference":"images/vector.svg","prototypeNodeUUID":null,"pbdlType":"image"}],"pbdlType":"shared_master","componentSetName":null,"sharedNodeSetID":"2:10"},{"UUID":"2:21","layoutMainAxisSizing":"INHERIT","layoutCrossAxisSizing":"INHERIT","name":"loveIcon<tab>","isVisible":true,"boundaryRectangle":{"constrainProportions":false,"constraints":null,"height":36.0,"width":36.0,"x":-94.0,"y":-379.0,"z":6.0,"type":"boundaryBox"},"style":{"UUID":"","layoutMainAxisSizing":null,"layoutCrossAxisSizing":null,"name":"","isVisible":true,"boundaryRectangle":null,"style":null,"prototypeNodeUUID":"","child":null,"constraints":null,"fills":[{"gradientStops":null,"gradientHandlePositions":[],"imageRef":null,"color":{"a":1.0,"r":1.0,"g":1.0,"b":1.0},"opacity":100,"blendMode":"NORMAL","type":"SOLID","isEnabled":false}],"borderOptions":{"borders":[],"strokeWeight":1.5,"strokeAlign":"INSIDE","strokeJoin":null,"strokeDashes":null,"cornerRadius":null},"effects":[],"textStyle":null,"clipsContent":true,"pbdlType":"style"},"prototypeNodeUUID":null,"child":null,"constraints":{"pinLeft":false,"pinRight":false,"pinTop":false,"pinBottom":false,"fixedHeight":false,"fixedWidth":false},"symbolID":"2:21","overrideProperties":null,"children":[{"UUID":"I2:85;379:743","layoutMainAxisSizing":"INHERIT","layoutCrossAxisSizing":"INHERIT","name":"Vector","isVisible":true,"boundaryRectangle":{"constrainProportions":false,"constraints":null,"height":36.0,"width":36.0,"x":-94.0,"y":-379.0,"z":0.0,"type":"boundaryBox"},"child":null,"constraints":{"pinLeft":false,"pinRight":false,"pinTop":false,"pinBottom":false,"fixedHeight":false,"fixedWidth":false},"style":{"UUID":"","layoutMainAxisSizing":null,"layoutCrossAxisSizing":null,"name":"","isVisible":true,"boundaryRectangle":null,"style":null,"prototypeNodeUUID":"","child":null,"constraints":null,"fills":[],"borderOptions":{"borders":[],"strokeWeight":1.5,"strokeAlign":"INSIDE","strokeJoin":null,"strokeDashes":null,"cornerRadius":null},"effects":[],"textStyle":null,"clipsContent":null,"pbdlType":"style"},"imageReference":"images/vector.svg","prototypeNodeUUID":null,"pbdlType":"image"},{"UUID":"I2:85;379:744","layoutMainAxisSizing":"INHERIT","layoutCrossAxisSizing":"INHERIT","name":"Vector","isVisible":true,"boundaryRectangle":{"constrainProportions":false,"constraints":null,"height":24.017120361328125,"width":27.013992309570312,"x":-89.51942443847656,"y":-371.5171203613281,"z":1.0,"type":"boundaryBox"},"child":null,"constraints":{"pinLeft":false,"pinRight":false,"pinTop":false,"pinBottom":false,"fixedHeight":false,"fixedWidth":false},"style":{"UUID":"","layoutMainAxisSizing":null,"layoutCrossAxisSizing":null,"name":"","isVisible":true,"boundaryRectangle":null,"style":null,"prototypeNodeUUID":"","child":null,"constraints":null,"fills":[],"borderOptions":{"borders":[{"blendMode":"NORMAL","type":"SOLID","color":{"a":1.0,"r":0.054901961237192154,"g":0.09803921729326248,"b":0.20392157137393951},"visible":true}],"strokeWeight":1.5,"strokeAlign":"CENTER","strokeJoin":"ROUND","strokeDashes":null,"cornerRadius":null},"effects":[],"textStyle":null,"clipsContent":null,"pbdlType":"style"},"imageReference":"images/vector.svg","prototypeNodeUUID":null,"pbdlType":"image"}],"pbdlType":"shared_master","componentSetName":null,"sharedNodeSetID":"2:21"},{"UUID":"2:28","layoutMainAxisSizing":"INHERIT","layoutCrossAxisSizing":"INHERIT","name":"calendarIcon<tab>","isVisible":true,"boundaryRectangle":{"constrainProportions":false,"constraints":null,"height":36.0,"width":36.0,"x":16.0,"y":-379.0,"z":7.0,"type":"boundaryBox"},"style":{"UUID":"","layoutMainAxisSizing":null,"layoutCrossAxisSizing":null,"name":"","isVisible":true,"boundaryRectangle":null,"style":null,"prototypeNodeUUID":"","child":null,"constraints":null,"fills":[{"gradientStops":null,"gradientHandlePositions":[],"imageRef":null,"color":{"a":1.0,"r":1.0,"g":1.0,"b":1.0},"opacity":100,"blendMode":"NORMAL","type":"SOLID","isEnabled":false}],"borderOptions":{"borders":[],"strokeWeight":1.0,"strokeAlign":"INSIDE","strokeJoin":null,"strokeDashes":null,"cornerRadius":null},"effects":[],"textStyle":null,"clipsContent":true,"pbdlType":"style"},"prototypeNodeUUID":null,"child":null,"constraints":{"pinLeft":false,"pinRight":false,"pinTop":false,"pinBottom":false,"fixedHeight":false,"fixedWidth":false},"symbolID":"2:28","overrideProperties":null,"children":[{"UUID":"I2:86;462:2629","layoutMainAxisSizing":"INHERIT","layoutCrossAxisSizing":"INHERIT","name":"Vector","isVisible":true,"boundaryRectangle":{"constrainProportions":false,"constraints":null,"height":36.0,"width":36.0,"x":16.0,"y":-379.0,"z":0.0,"type":"boundaryBox"},"child":null,"constraints":{"pinLeft":false,"pinRight":false,"pinTop":false,"pinBottom":false,"fixedHeight":false,"fixedWidth":false},"style":{"UUID":"","layoutMainAxisSizing":null,"layoutCrossAxisSizing":null,"name":"","isVisible":true,"boundaryRectangle":null,"style":null,"prototypeNodeUUID":"","child":null,"constraints":null,"fills":[],"borderOptions":{"borders":[],"strokeWeight":1.5,"strokeAlign":"INSIDE","strokeJoin":null,"strokeDashes":null,"cornerRadius":null},"effects":[],"textStyle":null,"clipsContent":null,"pbdlType":"style"},"imageReference":"images/vector.svg","prototypeNodeUUID":null,"pbdlType":"image"},{"UUID":"I2:86;462:2630","layoutMainAxisSizing":"INHERIT","layoutCrossAxisSizing":"INHERIT","name":"Vector","isVisible":true,"boundaryRectangle":{"constrainProportions":false,"constraints":null,"height":24.0,"width":23.999996185302734,"x":21.999889373779297,"y":-371.5,"z":1.0,"type":"boundaryBox"},"child":null,"constraints":{"pinLeft":false,"pinRight":false,"pinTop":false,"pinBottom":false,"fixedHeight":false,"fixedWidth":false},"style":{"UUID":"","layoutMainAxisSizing":null,"layoutCrossAxisSizing":null,"name":"","isVisible":true,"boundaryRectangle":null,"style":null,"prototypeNodeUUID":"","child":null,"constraints":null,"fills":[],"borderOptions":{"borders":[{"blendMode":"NORMAL","type":"SOLID","color":{"a":1.0,"r":0.0,"g":0.0,"b":0.0},"visible":true}],"strokeWeight":1.5,"strokeAlign":"CENTER","strokeJoin":"ROUND","strokeDashes":null,"cornerRadius":null},"effects":[],"textStyle":null,"clipsContent":null,"pbdlType":"style"},"imageReference":"images/vector.svg","prototypeNodeUUID":null,"pbdlType":"image"},{"UUID":"I2:86;462:2631","layoutMainAxisSizing":"INHERIT","layoutCrossAxisSizing":"INHERIT","name":"Vector","isVisible":true,"boundaryRectangle":{"constrainProportions":false,"constraints":null,"height":6.0,"width":1.5,"x":39.99989318847656,"y":-374.5,"z":2.0,"type":"boundaryBox"},"child":null,"constraints":{"pinLeft":false,"pinRight":false,"pinTop":false,"pinBottom":false,"fixedHeight":false,"fixedWidth":false},"style":{"UUID":"","layoutMainAxisSizing":null,"layoutCrossAxisSizing":null,"name":"","isVisible":true,"boundaryRectangle":null,"style":null,"prototypeNodeUUID":"","child":null,"constraints":null,"fills":[],"borderOptions":{"borders":[{"blendMode":"NORMAL","type":"SOLID","color":{"a":1.0,"r":0.0,"g":0.0,"b":0.0},"visible":true}],"strokeWeight":1.5,"strokeAlign":"CENTER","strokeJoin":"ROUND","strokeDashes":null,"cornerRadius":null},"effects":[],"textStyle":null,"clipsContent":null,"pbdlType":"style"},"imageReference":"images/vector.svg","prototypeNodeUUID":null,"pbdlType":"image"},{"UUID":"I2:86;462:2632","layoutMainAxisSizing":"INHERIT","layoutCrossAxisSizing":"INHERIT","name":"Vector","isVisible":true,"boundaryRectangle":{"constrainProportions":false,"constraints":null,"height":6.0,"width":1.5,"x":28.00010871887207,"y":-374.5,"z":3.0,"type":"boundaryBox"},"child":null,"constraints":{"pinLeft":false,"pinRight":false,"pinTop":false,"pinBottom":false,"fixedHeight":false,"fixedWidth":false},"style":{"UUID":"","layoutMainAxisSizing":null,"layoutCrossAxisSizing":null,"name":"","isVisible":true,"boundaryRectangle":null,"style":null,"prototypeNodeUUID":"","child":null,"constraints":null,"fills":[],"borderOptions":{"borders":[{"blendMode":"NORMAL","type":"SOLID","color":{"a":1.0,"r":0.0,"g":0.0,"b":0.0},"visible":true}],"strokeWeight":1.5,"strokeAlign":"CENTER","strokeJoin":"ROUND","strokeDashes":null,"cornerRadius":null},"effects":[],"textStyle":null,"clipsContent":null,"pbdlType":"style"},"imageReference":"images/vector.svg","prototypeNodeUUID":null,"pbdlType":"image"},{"UUID":"I2:86;462:2633","layoutMainAxisSizing":"INHERIT","layoutCrossAxisSizing":"INHERIT","name":"Vector","isVisible":true,"boundaryRectangle":{"constrainProportions":false,"constraints":null,"height":1.5,"width":23.999996185302734,"x":21.999889373779297,"y":-362.5,"z":4.0,"type":"boundaryBox"},"child":null,"constraints":{"pinLeft":false,"pinRight":false,"pinTop":false,"pinBottom":false,"fixedHeight":false,"fixedWidth":false},"style":{"UUID":"","layoutMainAxisSizing":null,"layoutCrossAxisSizing":null,"name":"","isVisible":true,"boundaryRectangle":null,"style":null,"prototypeNodeUUID":"","child":null,"constraints":null,"fills":[],"borderOptions":{"borders":[{"blendMode":"NORMAL","type":"SOLID","color":{"a":1.0,"r":0.0,"g":0.0,"b":0.0},"visible":true}],"strokeWeight":1.5,"strokeAlign":"CENTER","strokeJoin":"ROUND","strokeDashes":null,"cornerRadius":null},"effects":[],"textStyle":null,"clipsContent":null,"pbdlType":"style"},"imageReference":"images/vector.svg","prototypeNodeUUID":null,"pbdlType":"image"},{"UUID":"I2:86;462:2634","layoutMainAxisSizing":"INHERIT","layoutCrossAxisSizing":"INHERIT","name":"Vector","isVisible":true,"boundaryRectangle":{"constrainProportions":false,"constraints":null,"height":3.0,"width":3.000001907348633,"x":28.00010871887207,"y":-356.5,"z":5.0,"type":"boundaryBox"},"child":null,"constraints":{"pinLeft":false,"pinRight":false,"pinTop":false,"pinBottom":false,"fixedHeight":false,"fixedWidth":false},"style":{"UUID":"","layoutMainAxisSizing":null,"layoutCrossAxisSizing":null,"name":"","isVisible":true,"boundaryRectangle":null,"style":null,"prototypeNodeUUID":"","child":null,"constraints":null,"fills":[],"borderOptions":{"borders":[{"blendMode":"NORMAL","type":"SOLID","color":{"a":1.0,"r":0.0,"g":0.0,"b":0.0},"visible":true}],"strokeWeight":1.5,"strokeAlign":"CENTER","strokeJoin":"ROUND","strokeDashes":null,"cornerRadius":null},"effects":[],"textStyle":null,"clipsContent":null,"pbdlType":"style"},"imageReference":"images/vector.svg","prototypeNodeUUID":null,"pbdlType":"image"}],"pbdlType":"shared_master","componentSetName":null,"sharedNodeSetID":"2:28"},{"UUID":"2:43","layoutMainAxisSizing":"INHERIT","layoutCrossAxisSizing":"INHERIT","name":"userIocn<tab>","isVisible":true,"boundaryRectangle":{"constrainProportions":false,"constraints":null,"height":36.0,"width":36.0,"x":127.0,"y":-381.0,"z":8.0,"type":"boundaryBox"},"style":{"UUID":"","layoutMainAxisSizing":null,"layoutCrossAxisSizing":null,"name":"","isVisible":true,"boundaryRectangle":null,"style":null,"prototypeNodeUUID":"","child":null,"constraints":null,"fills":[{"gradientStops":null,"gradientHandlePositions":[],"imageRef":null,"color":{"a":1.0,"r":1.0,"g":1.0,"b":1.0},"opacity":100,"blendMode":"NORMAL","type":"SOLID","isEnabled":false}],"borderOptions":{"borders":[],"strokeWeight":1.5,"strokeAlign":"INSIDE","strokeJoin":null,"strokeDashes":null,"cornerRadius":null},"effects":[],"textStyle":null,"clipsContent":true,"pbdlType":"style"},"prototypeNodeUUID":null,"child":null,"constraints":{"pinLeft":false,"pinRight":false,"pinTop":false,"pinBottom":false,"fixedHeight":false,"fixedWidth":false},"symbolID":"2:43","overrideProperties":null,"children":[{"UUID":"I2:87;379:517","layoutMainAxisSizing":"INHERIT","layoutCrossAxisSizing":"INHERIT","name":"Vector","isVisible":true,"boundaryRectangle":{"constrainProportions":false,"constraints":null,"height":36.0,"width":36.0,"x":127.0,"y":-381.0,"z":0.0,"type":"boundaryBox"},"child":null,"constraints":{"pinLeft":false,"pinRight":false,"pinTop":false,"pinBottom":false,"fixedHeight":false,"fixedWidth":false},"style":{"UUID":"","layoutMainAxisSizing":null,"layoutCrossAxisSizing":null,"name":"","isVisible":true,"boundaryRectangle":null,"style":null,"prototypeNodeUUID":"","child":null,"constraints":null,"fills":[],"borderOptions":{"borders":[],"strokeWeight":1.5,"strokeAlign":"INSIDE","strokeJoin":null,"strokeDashes":null,"cornerRadius":null},"effects":[],"textStyle":null,"clipsContent":null,"pbdlType":"style"},"imageReference":"images/vector.svg","prototypeNodeUUID":null,"pbdlType":"image"},{"UUID":"I2:87;379:518","layoutMainAxisSizing":"INHERIT","layoutCrossAxisSizing":"INHERIT","name":"Vector","isVisible":true,"boundaryRectangle":{"constrainProportions":false,"constraints":null,"height":12.0,"width":12.0,"x":134.50010681152344,"y":-376.5,"z":1.0,"type":"boundaryBox"},"child":null,"constraints":{"pinLeft":false,"pinRight":false,"pinTop":false,"pinBottom":false,"fixedHeight":false,"fixedWidth":false},"style":{"UUID":"","layoutMainAxisSizing":null,"layoutCrossAxisSizing":null,"name":"","isVisible":true,"boundaryRectangle":null,"style":null,"prototypeNodeUUID":"","child":null,"constraints":null,"fills":[],"borderOptions":{"borders":[{"blendMode":"NORMAL","type":"SOLID","color":{"a":1.0,"r":0.054901961237192154,"g":0.09803921729326248,"b":0.20392157137393951},"visible":true}],"strokeWeight":1.5,"strokeAlign":"CENTER","strokeJoin":"ROUND","strokeDashes":null,"cornerRadius":null},"effects":[],"textStyle":null,"clipsContent":null,"pbdlType":"style"},"imageReference":"images/vector.svg","prototypeNodeUUID":null,"pbdlType":"image"},{"UUID":"I2:87;379:519","layoutMainAxisSizing":"INHERIT","layoutCrossAxisSizing":"INHERIT","name":"Vector","isVisible":true,"boundaryRectangle":{"constrainProportions":false,"constraints":null,"height":9.0,"width":18.0,"x":131.5,"y":-358.5,"z":2.0,"type":"boundaryBox"},"child":null,"constraints":{"pinLeft":false,"pinRight":false,"pinTop":false,"pinBottom":false,"fixedHeight":false,"fixedWidth":false},"style":{"UUID":"","layoutMainAxisSizing":null,"layoutCrossAxisSizing":null,"name":"","isVisible":true,"boundaryRectangle":null,"style":null,"prototypeNodeUUID":"","child":null,"constraints":null,"fills":[],"borderOptions":{"borders":[{"blendMode":"NORMAL","type":"SOLID","color":{"a":1.0,"r":0.054901961237192154,"g":0.09803921729326248,"b":0.20392157137393951},"visible":true}],"strokeWeight":1.5,"strokeAlign":"CENTER","strokeJoin":"ROUND","strokeDashes":null,"cornerRadius":null},"effects":[],"textStyle":null,"clipsContent":null,"pbdlType":"style"},"imageReference":"images/vector.svg","prototypeNodeUUID":null,"pbdlType":"image"},{"UUID":"I2:87;379:520","layoutMainAxisSizing":"INHERIT","layoutCrossAxisSizing":"INHERIT","name":"Vector","isVisible":true,"boundaryRectangle":{"constrainProportions":false,"constraints":null,"height":11.625,"width":4.5117645263671875,"x":150.99989318847656,"y":-376.30499267578125,"z":3.0,"type":"boundaryBox"},"child":null,"constraints":{"pinLeft":false,"pinRight":false,"pinTop":false,"pinBottom":false,"fixedHeight":false,"fixedWidth":false},"style":{"UUID":"","layoutMainAxisSizing":null,"layoutCrossAxisSizing":null,"name":"","isVisible":true,"boundaryRectangle":null,"style":null,"prototypeNodeUUID":"","child":null,"constraints":null,"fills":[],"borderOptions":{"borders":[{"blendMode":"NORMAL","type":"SOLID","color":{"a":1.0,"r":0.054901961237192154,"g":0.09803921729326248,"b":0.20392157137393951},"visible":true}],"strokeWeight":1.5,"strokeAlign":"CENTER","strokeJoin":"ROUND","strokeDashes":null,"cornerRadius":null},"effects":[],"textStyle":null,"clipsContent":null,"pbdlType":"style"},"imageReference":"images/vector.svg","prototypeNodeUUID":null,"pbdlType":"image"},{"UUID":"I2:87;379:521","layoutMainAxisSizing":"INHERIT","layoutCrossAxisSizing":"INHERIT","name":"Vector","isVisible":true,"boundaryRectangle":{"constrainProportions":false,"constraints":null,"height":8.774993896484375,"width":4.5,"x":154.0,"y":-358.2749938964844,"z":4.0,"type":"boundaryBox"},"child":null,"constraints":{"pinLeft":false,"pinRight":false,"pinTop":false,"pinBottom":false,"fixedHeight":false,"fixedWidth":false},"style":{"UUID":"","layoutMainAxisSizing":null,"layoutCrossAxisSizing":null,"name":"","isVisible":true,"boundaryRectangle":null,"style":null,"prototypeNodeUUID":"","child":null,"constraints":null,"fills":[],"borderOptions":{"borders":[{"blendMode":"NORMAL","type":"SOLID","color":{"a":1.0,"r":0.054901961237192154,"g":0.09803921729326248,"b":0.20392157137393951},"visible":true}],"strokeWeight":1.5,"strokeAlign":"CENTER","strokeJoin":"ROUND","strokeDashes":null,"cornerRadius":null},"effects":[],"textStyle":null,"clipsContent":null,"pbdlType":"style"},"imageReference":"images/vector.svg","prototypeNodeUUID":null,"pbdlType":"image"}],"pbdlType":"shared_master","componentSetName":null,"sharedNodeSetID":"2:43"}]},"isVisible":true}],"pbdlType":"page"}],"miscPages":[],"sharedStyles":[],"pbdlType":"project","azure_container_uri":"https://pbnestcore.blob.core.windows.net/xcqgq98ei3mqbdptfaqh7g"}